"","KIR3DP1","KIR2DS5","KIR2DL3","KIR2DP1","KIR2DS3","KIR2DS2","KIR2DL4","KIR3DL3","KIR3DL1","KIR3DS1","KIR2DL2","KIR3DL2","KIR2DS4","KIR2DL1","KIR2DS1","KIR2DL5"
"1001_S289_L001_R",0.515742522301907,0.524838201854119,0.000349833828931258,0.634773482595767,1.12760188910268,1.15348959244359,0.850096204302956,1,0,1.37878257827532,0.920412803918139,1.45644568829806,0,0.421025013118769,0.533933881406332,1.18891026762288
"1002_S290_L001_R",0.237034555909116,0.517333779936359,0.667392396583487,0.635627756378049,0.000111650756433875,0.581756266398705,0.441913693965277,1,0.648858371015464,0.0403059230726288,0.500753642605929,1.34086975939262,0.674482219617038,0.565566906715793,0.29475799698543,0.388432981633451
"1003_S291_L001_R",0.435730652672038,0.513415625692956,1.26668637741149,1.23002439204671,0,0.00118264468918619,0.887427008648089,1,0.681646832729692,0.655480818981447,0.000147830586148274,1.34880626801685,0.66338975534038,1.06046270973464,0.244290043610023,0.455983442974351
"1004_S292_L001_R",0.506225165562914,0.523134657836645,0.000794701986754967,0.676600441501104,0.68233995584989,1.17116997792494,0.919646799116998,1,0.67766004415011,0.726490066225166,0.868520971302428,1.35726269315673,0.648476821192053,0.405342163355408,0.293598233995585,0.813156732891832
"1005_S293_L001_R",0.463712885799238,0.000293144604045396,1.29364713765233,1.30055697474769,8.37556011558273e-05,0.000251266803467482,0.91670505465053,1,1.30746681184304,0.0469868922484191,0.000837556011558273,1.35839021734578,1.27547217220152,1.03199463964153,0.00201013442773986,0.0223627455086059
"1007_S294_L001_R",0.433876651982379,0.484581497797357,0.631013215859031,1.26140969162996,1.01277533039648,0.562995594713656,0.79647577092511,1,0.000881057268722467,1.17334801762115,0.467092511013216,1.20977973568282,0.00013215859030837,0.857444933920705,0.433656387665198,1.0488986784141
"1008_S295_L001_R",0.437705906918472,0.000139204677277157,1.24147371351677,1.20128996334277,0.000139204677277157,0.000139204677277157,0.892580390701128,1,1.24077769013039,0.0413437891513155,0.00092803118184771,1.31622662521461,1.17716115261473,1.00032481091365,0.00143844833186395,0.0182358127233075
"1009_S296_L001_R",0.482229704451927,0.000810574884648959,1.28095772540217,1.28943758573388,0.532298291557551,6.23519142037661e-05,0.917820177079436,1,0.670781893004115,0.751964085297419,0.000748222970445193,1.40990148397556,0.677079436338696,1.07239057239057,0.286008230452675,0.470632248410026
"1010_S297_L001_R",0.465304384844615,0,1.30991911451682,1.25521498510004,0,0,0.882237122179651,1,1.25744997871435,0.0622605363984674,0.00042571306939123,1.27852277564921,1.26974244359302,1.07359514687101,0,0.0315559812686249
"1011_S298_L001_R",0.474074560252035,0.00019690207403518,0.691454449986873,1.27553163559989,0.667563665003938,0.587752690995012,0.831254922551851,1,1.19217642425834,0.0616303491730113,0.444473615122079,1.3274481491205,1.25190338671567,0.924717773693883,0.00826988710947755,0.396166972958782
"1014_S299_L001_R",0.455994564649315,0.486045782376921,1.24542698860667,1.23183861189506,0,0.000313577924114142,0.858628619211874,1,0.604421448730009,0.692223267481969,0.000313577924114142,1.2327793456674,0.555712344517613,1.03208947423435,0.250130657468381,0.443503710672102
"1015_S300_L001_R",0.479111440992472,0,1.33448202735659,1.31025341957375,5.30166472272294e-05,0.000265083236136147,0.906160534407804,1,1.34884953875517,0.0561446294136359,0.000318099883363376,1.3876577245255,1.27308874986746,1.04861626550737,0.00445339836708727,0.0308026720390203
"1016_S301_L001_R",0.500757247944613,0.000649069666810904,0.000865426222414539,0.630787537862397,1.16897446992644,1.16540458675898,0.873864128083081,1,0.727498918217222,0.830700995240156,0.949588922544353,1.45283427087841,0.733016010385115,0.415080051925573,0.317935958459541,0.847901341410645
"1017_S302_L001_R",0.252487401473059,0.511370978162553,1.26870396692079,1.22683809277684,0,0.000387646982814317,0.453934616875565,1,0.00277813671016927,0.698410647370461,0.000258431321876211,0.871171986044709,6.46078304690528e-05,0.943726579661455,0.272257397596589,0.472154025067838
"1019_S303_L001_R",0.477213622291022,0.00043343653250774,0.677585139318885,0.650216718266254,0,0.613684210526316,0.874984520123839,1,1.26371517027864,0.114489164086687,0.504520123839009,1.34804953560372,1.22383900928793,0.571021671826625,0.00773993808049536,0.0208668730650155
"1020_S304_L001_R",0.4950414446418,0.528493191237419,1.33281527531083,1.23830669034932,0.00014801657785672,0,0.909265837773831,1,0.695899940793369,0.765097690941385,0.00014801657785672,1.35990230905861,0.715290112492599,1.0665334517466,0.272498519834221,0.482238010657194
"1021_S305_L001_R",0.492277882259076,0.534906251780931,1.27377899356015,1.25520031914287,0.00011397959765202,0.000512908189434091,0.938223058072605,1,0.686271157462814,0.774263406850174,0.000854846982390152,1.38017894796831,0.66546988089132,1.06764689120647,0.269447768849376,0.470963697498148
"1022_S306_L001_R",0.480996727913416,0.000188774226025673,0.000377548452051347,0,0,1.15227787566071,0.936257236345331,1,1.42958721369242,0.0468789327963755,0.943871130128366,1.42386106216965,1.31109992449031,0,0.00125849484017116,0.00427888245658193
"1023_S307_L001_R",0.482200647249191,0,0.714748035136385,0.684697179842811,0,0.66011712128217,0.912621359223301,1,1.3988287871783,0.0611804592387117,0.496224379719525,1.36947141316073,1.33456618893512,0.554476806903991,0.00716597318539066,0.0194945292032671
"1024_S308_L001_R",0.458462974486621,0,1.26923874714789,1.26389753163244,0.000207425845260319,0.00010371292263016,0.918222360506119,1,1.34028209914955,0.0514934660858743,0.000518564613150799,1.35822443476457,1.27763949388094,1.0897635345364,0.00202240199128811,0.0207425845260319
"1025_S309_L001_R",0.489403130382686,0,0.705759005466936,0.678948550887441,0.000224668613794653,0.634763723507826,0.833295888564368,1,1.23642627124991,0.0620085374073242,0.509922863775931,1.34598966524377,1.23597693402232,0.593349809031678,0.00344491874485134,0.0190968321725455
"1026_S310_L001_R",0.508576673742184,0.526934771384315,0.000172107165394986,0.72003901095749,0.703516723079571,1.11267282427858,0.873615971544949,1,0.706155699615627,0.722677987493546,0.879639722333773,1.31036658826229,0.641730250702771,0.416441971200734,0.265217141873673,0.777063851758362
"1027_S311_L001_R",0.689207367549669,0.857615894039735,0.624430877483444,0.640469784768212,0.000776076158940397,0.70664321192053,1.18843129139073,1,0.618429221854305,1.17730753311258,0.810016556291391,1.27328228476821,0.519194950331126,0.528973509933775,0.240376655629139,0.74974130794702
"1028_S312_L001_R",0.516555883801083,0.950763170851797,1.34121122599705,1.30311422944362,0.00135401280157558,0.000246184145741014,0.877708025603151,1,0.00184638109305761,1.32920974889217,0.00135401280157558,1.32650172328902,0.000307730182176268,1.12235352043328,0.514709502708026,0.814069423929099
"1029_S313_L001_R",0.477468915815316,0.544626593806922,0.683139304664608,1.26673002296666,1.14049259523244,0.605527837174309,0.877167973390354,1,0.000633562999920805,1.40302526332462,0.526015680684248,1.4271798526966,7.91953749901006e-05,0.994456323750693,0.549615902431298,1.24012037696998
"1030_S314_L001_R",0.472824501701507,0.000145843461351483,1.23932912007778,1.22732134175984,0,0,0.850656295576082,1,1.27360233349538,0.0488575595527467,0.000631988332523092,1.29737481769567,1.23524550315994,1.03971803597472,0.000194457948468644,0.0198833252309188
"1031_S315_L001_R",0.524103355187042,0.000154261473197069,0.68106440416506,0.694793675279599,0.000154261473197069,0.648360971847281,0.903278056305438,1,1.39652911685307,0.0677207867335133,0.527111453914385,1.46671808715773,1.38912456613961,0.564365599691477,0.00231392209795604,0.0267643655996915
"1032_S316_L001_R",0.474388975559022,0,1.30330213208528,1.28055122204888,0,0,0.866744669786791,1,1.34607384295372,0.0712428497139886,0.000260010400416017,1.40197607904316,1.2369994799792,1.0844383775351,0.0105954238169527,0.0332813312532501
"1033_S317_L001_R",0.521027030355274,0.000615725632658088,0.000554153069392279,0.675697309278985,1.17535866018102,1.16526075980543,0.942552798473,1,0.71220983929561,0.788806107998276,0.963056462040515,1.43587217535866,0.696262545409765,0.424973831660612,0.305092050982082,0.814974447386245
"1034_S318_L001_R",0.476561493882807,0.000128783000643915,0.00141661300708306,0.648486799742434,0.652736638763683,1.13052157115261,0.860978750804894,1,1.34385061171925,0.0538312942691565,0.89967804249839,1.33663876368319,1.32878300064391,0.418222794591114,0.00135222150676111,0.381712813908564
"1036_S320_L001_R",0.458022719204828,0.00017749378771743,1.25581292154775,1.21876109336173,0.489128505502307,0.000266240681576145,0.878682996095137,1,0.662939297124601,0.70717962371317,0.000798722044728434,1.30506744763933,0.656682641107561,1.06407525736599,0.258430954916578,0.438942137025204
"1037_S321_L001_R",0.469423347398031,0.07971870604782,1.24354430379747,1.22362869198312,0,0.000337552742616034,0.882194092827004,1,1.18126582278481,0.153586497890295,0.000337552742616034,1.30481012658228,1.16680731364276,1.05535864978903,0.0459071729957806,0.0954711673699015
"1038_S322_L001_R",0.48090409970745,0.507033222458221,0.657876808399792,1.28938404199896,0.108403799142388,0.465555243858454,0.812808079188875,1,0.619805233839618,0.692061074820663,8.0150683284575e-05,1.27940528193003,0.628020678876287,0.913757864785797,0.24754538532441,0.427483669298281
"1039_S323_L001_R",0.445029293299158,0.00027462467960454,0.658504210911754,1.25205968509703,0.644772976931527,0.605089710728671,0.81110399121201,1,1.19708897839619,0.048288172830465,0.464893811790553,1.23004393994874,1.17008421823508,0.889646649578909,0.00132735261808861,0.383238740388136
"1040_S324_L001_R",0.492904206791688,0.000295658050346342,1.27306132792701,1.272681196148,0,0.000760263558033452,0.894112181111674,1,1.29494002365264,0.0468406825477277,0.00109815847271499,1.33937320493327,1.24142591653996,1.06952187869573,0,0.0206115897955736
"1041_S325_L001_R",0.516287371709058,0.566175814368585,0,0.628915662650602,0.099776885319054,1.1219098616689,0.927621597501116,1,0.721195894689871,0.786970102632753,0.536278447121821,1.44551539491299,0.692547969656403,0.41731369924141,0.29219098616689,0.523516287371709
"1042_S326_L001_R",0.492317232825742,0,1.25604630331427,1.22338592985599,0.000413422448838972,0,0.823950940536071,1,1.28030042031282,0.0643560945359333,0.000413422448838972,1.33287397505685,1.26672638324261,1.01757045407566,0.000137807482946324,0.0311444911458692
"1043_S327_L001_R",0.507052269764134,0,1.35492473628067,1.30881830034372,0,0.000177788313381534,0.952056418158113,1,1.31024060685078,0.128540950574849,5.92627711271779e-05,1.41288372644305,1.33181225554107,1.14466042432144,0.00148156927817945,0.0357947137608155
"1044_S328_L001_R",0.457415532136234,0.00036184359310688,0.659369487539011,1.30498891853996,0.657107965082093,0.602831426116061,0.866027409652178,1,1.27572481794744,0.0540503867203401,0.49283097381157,1.34176127368945,1.61721470894206,0.930390338776064,0.00144737437242752,0.373241666289746
"1045_S329_L001_R",0.454479029665351,0.000292269472453602,1.25271567051488,1.20074041599688,4.8711578742267e-05,0.000194846314969068,0.852306493253446,1,1.3124360660529,0.046519557698865,0.000584538944907204,1.29295143455599,1.25252082419991,1.009450046276,0.00160748209849481,0.0210434020166594
"1046_S330_L001_R",0.487683550963792,0.51872578562204,0.675898024585067,0.683598794662075,0.000191323480174104,0.592050509398766,0.926627445353231,1,0.683311809441814,0.743004735256134,0.476299803893433,1.34796957956665,0.678528722437461,0.580140622757928,0.260343425646913,0.471947194719472
"1047_S331_L001_R",0.504202976787229,0,0.000154237680265289,7.71188401326444e-05,0,1.23019973779594,0.902136191871674,1,1.40525950489705,0.0513611475283412,0.97609315955888,1.41705868743734,1.36955348191563,0.000154237680265289,0,0.00393306084676486
"1048_S332_L001_R",0.464390516558759,0.520471377334762,1.30690763426336,1.26577856444175,9.31575760398714e-05,0.000232893940099679,0.875867529926871,1,0.739810890120639,0.725930411290698,0.000419209092179422,1.31771391308398,0.667613768689739,1.09846755787414,0.255298337137268,0.468209977176394
"1049_S333_L001_R",0.511856440931425,0,0.694509720145268,0.698497472050132,0,0.65014598020366,0.91618600014242,1,1.4700562557858,0.0643024994659261,0.525243893754896,1.37556077761162,1.3520615253151,0.588407035533718,0.00156661681976786,0.0255643381043936
"1050_S334_L001_R",0.459713449391465,0,1.28988856365224,1.23386227083654,0,0.00010270631130283,0.838032147075438,1,1.36445334565809,0.0692754069737585,0,1.30498639141375,1.30796487444153,1.02490628049094,0.00215683253735942,0.0356904431777333
"1051_S335_L001_R",0.517630360077693,0,1.37733452861198,1.32862692365158,0,0.000224114746750336,0.887793216793665,1,1.47639324667563,0.0676079486030181,0.000149409831166891,1.39683251157926,1.39855072463768,1.10451217690124,0.00126998356491857,0.0379500971163903
"1052_S336_L001_R",0.529740147537715,0.000132916860503755,0.00053166744201502,0.700073104273277,0.695022263574134,1.17438692098093,0.826144746461089,1,1.25819100152854,0.05203695088722,0.919784674685984,1.32531401608294,1.22914866750847,0.420083737622117,0.00458563168737954,0.393101614939855
"1053_S337_L001_R",0.496422620797805,0,1.34068411251593,1.23777320395962,0,9.80103891012447e-05,0.893952758992453,1,1.44624130157797,0.088111339802019,0.000980103891012447,1.47868274037048,1.30285210232285,1.12192492404195,0.00813486229540331,0.042046456924434
"1054_S338_L001_R",0.483001312179411,5.96445186687343e-05,0.706847190743171,1.32309435762853,0.673983060956698,0.618871525706787,0.899439341524514,1,1.3643683645473,0.0708576881784564,0.505129428605511,1.38613861386139,1.25909578909698,1.00906596683765,0.00620302994154837,0.394727424549684
"1055_S339_L001_R",0.52319587628866,0.562211162460007,1.34616068254533,1.25044436544614,0,0.000710984713828653,0.946676146462851,1,0.733825097760398,0.84651617490224,0,1.48658016352648,0.71240668325631,1.19161038037682,0.301813011020263,0.516174902239602
"1056_S340_L001_R",0.51128551438827,0.000121676704994829,0.675853257893776,1.27845713938067,0.687108353105798,0.628155989535803,0.897426537689359,1,1.30875463892438,0.0669830260996532,0.515179168948105,1.35164567743506,1.26501186347874,0.979436636855874,0.00316359432986555,0.400377197785484
"1057_S341_L001_R",0.47960163186945,0.513498920086393,1.27555795536357,1.23290136789057,0.000599952003839693,0.000959923206143509,0.8757499400048,1,0.701103911687065,0.735541156707463,0.000659947204223662,1.31677465802736,0.655747540196784,1.06317494600432,0.280477561795056,0.458723302135829
"1058_S342_L001_R",0.514314584035029,0.00050522061300101,1.32586729538565,1.28022903334456,0.000168406871000337,0.00050522061300101,0.92505894240485,1,1.40872347591782,0.0716571236106433,0.00050522061300101,1.35575951498821,1.34127652408218,1.1017177500842,0,0.0267766924890536
"1059_S343_L001_R",0.723892837616184,1.38358197297508,0.708349605561197,0.654924627040537,0,0.753885808013747,1.19667265484652,1,0.000859173631180192,1.93275013668671,0.921658986175115,1.36264937905178,7.81066937436538e-05,0.588690150745919,0.537764586425057,1.19925017574006
"1060_S344_L001_R",0.48038752362949,0.000354442344045369,0.000945179584120983,0.000118147448015123,0.000472589792060492,1.17001417769376,0.965205576559546,1,1.42840264650284,0.0415879017013233,0.917178638941399,1.35881379962193,1.32461011342155,0.000295368620037807,0.000708884688090737,0.00354442344045369
"1061_S345_L001_R",0.496309261091241,0.000304390837835781,1.35058214747736,1.32136062704513,0,7.60977094589453e-05,0.889734418993988,1,1.35933338406514,0.0702381858306065,0.000684879385130508,1.32448063313294,1.29069325013317,1.13507343428963,0.000913172513507343,0.0254927326687467
"1062_S346_L001_R",0.476413822847593,0.502506873685913,1.25710280877675,1.24907003072942,0.000161733786187935,0.00021564504825058,0.802145668230093,1,0.690765000808669,0.754973313925279,0.000161733786187935,1.36476359911586,0.646773410965551,1.01164483260553,0.26804679497547,0.447571297644078
"1063_S347_L001_R",0.485980200367538,0.945462090224672,0.683739403639813,1.31436362558539,0.676803604244472,0.635840891576264,0.879838757484143,1,0.00225265279506788,1.31092536605608,0.502045171616575,1.35763827138538,0,0.983460786057265,0.503052937340684,1.14938644851503
"1064_S348_L001_R",0.247041514744451,0.528689311072731,0.688351563999232,0.67818077144502,6.39672487686305e-05,0.620674214802021,0.482313055715474,1,1.29885498624704,0.0381244802661038,0.499584212883004,1.39256700569309,1.17559009786989,0.574361926693533,0.282031599820892,0.39608520437536
"1065_S349_L001_R",0.273142774230992,0.531340684852002,0.700232153221126,0.66874637260592,7.25478816018572e-05,0.561157864190366,0.452698781195589,1,0.734402205455601,0.0425130586186883,0.450957632037145,1.37173534532792,0.746445153801509,0.567251886244922,0.287289611143355,0.428612884503772
"1066_S350_L001_R",0.472245270494524,0.00128609359442416,0.642963823431796,0.624875539329572,0,0.571855293727182,0.840690341851975,1,1.19274809160305,0.0430219050779954,0.459425821440425,1.20266345834716,1.17499170262197,0.549742781281115,0.00157650182542317,0.012363093262529
"1067_S351_L001_R",0.494376212023271,0.000387847446670976,1.29747899159664,1.23148028442146,0.000258564964447317,0.000258564964447317,0.810795087265676,1,1.29353587588882,0.0646412411118294,0.000711053652230123,1.26586942469295,1.19644473173885,1.03413057530705,0.00633484162895928,0.0332902391725921
"1068_S352_L001_R",0.473861021629084,0.000138057984353428,0.653842613897837,0.648412333179936,4.60193281178095e-05,0.576530142659917,0.802254947077773,1,1.22452830188679,0.0338702254947078,0.463644730786931,1.17901518637828,1.13331799355729,0.551449608835711,0.000184077312471238,0.00957202024850437
"1069_S353_L001_R",0.481117659899585,0.492468893254748,0.687731936258459,1.3239831186786,0.645164811176599,0.602852361202067,0.903878338063014,1,0.669540857163647,0.710579931601543,0.492723568362075,1.28614567416139,0.613294040602488,0.895328530888452,0.255038928909263,0.792403405370007
"1070_S354_L001_R",0.490740078655703,7.15051841258491e-05,1.27071862710046,1.27679656775116,0,0.000715051841258491,0.854200929567394,1,1.22788702180908,0.0414015016088666,0.000893814801573114,1.24215230604219,1.0538076510547,0.987665355738291,0.0115123346442617,0.0149803360743654
"1071_S355_L001_R",0.480500834724541,0.000400667779632721,0.669081803005008,1.32340567612688,0.660567612687813,0.615525876460768,0.836761268781302,1,1.2967612687813,0.033355592654424,0.498196994991653,1.27312186978297,1.13803005008347,0.94991652754591,0.00267111853088481,0.389549248747913
"1072_S356_L001_R",0.481127220994642,0.00015134546114962,0.000817265490207949,0.000121076368919696,0.000272421830069316,1.07303931955081,0.815419075581923,1,1.16732754184702,0.0271816448224718,0.868844023367739,1.23628053394679,1.09825347337833,0.000181614553379544,0.000908072766897721,0.00260314193177347
"1073_S357_L001_R",0.266849315068493,0.490719178082192,0.664315068493151,0.677260273972603,0.000102739726027397,0.598219178082192,0.454109589041096,1,1.18407534246575,0.0203082191780822,0.466061643835616,1.29678082191781,1.09948630136986,0.519828767123288,0.239417808219178,0.380719178082192
"1074_S358_L001_R",0.450251104482121,0.00049088094249141,1.16807008269456,1.2116452063588,7.55201449986784e-05,0.000679681304988106,0.793112562776121,1,1.11260053619303,0.0355322282218782,0.00045312086999207,1.20718951780387,1.10334931843069,0.967262017143073,0.00434240833742401,0.0175206736396934
"1075_S359_L001_R",0.479190468418476,0.953266960448289,1.22963930145259,1.24672215875088,0.00038082802894293,0.000108808008269409,0.853163592840433,1,0.00076165605788586,1.28893966595941,0.000924868070289973,1.2806158533268,0.000326424024808226,1.04564495946902,0.473586855992601,0.809205157499592
"1076_S360_L001_R",0.480224995605555,0,1.23999531259155,1.23671412667721,0.00035155563367903,0.000292963028065858,0.903322200738267,1,1.21814027069784,0.0434171207593602,0,1.31429073650905,1.19698834007148,0.986465108103357,0.00152340774594246,0.0197457080916388
"1077_S361_L001_R",0.520274324903558,0.589712816116588,1.30244320617231,1.26378054007715,0.000171453064723532,0.000600085726532362,0.946335190741534,1,0.762451778825546,0.822203171881697,0.00102871838834119,1.48838405486498,0.716588084012002,1.05255036433776,0.267723960565795,0.508186883840549
"1078_S362_L001_R",0.693455606502709,0.5411421425594,1.33047102959566,1.24451854939558,0.000250104210087536,0.000166736140058358,1.25760733639016,1,0.695289704043351,1.39641517298875,0,1.3879949979158,0.651854939558149,1.13130471029596,0.265193830762818,0.530804501875782
"1079_S363_L001_R",0.696561527006904,0.970962501692162,0.71991336131041,0.683701096520915,6.76864762420468e-05,0.765466359821308,1.24164072018411,1,0.716461351022066,1.37288479761744,0.889941789630432,1.39122783267903,0.639637200487343,0.598686882360904,0.277040747258698,0.826790307296602
"1080_S364_L001_R",0.465704135543815,9.10912734560029e-05,1.27933139005283,1.2565130260521,0.000227728183640007,0.000136636910184004,0.920386226999453,1,1.26120422663509,0.0434960830752414,0.000865367097832028,1.31795408999818,1.22044088176353,1.05802514119147,0.00182182546912006,0.0175806157770086
"1081_S365_L001_R",0.459054859449059,9.38570557041626e-05,1.24046177671406,1.21671594162091,0.000422356750668732,0.000938570557041626,0.883382608287578,1,1.33596133089305,0.0358533952789901,0.000187714111408325,1.30362757520297,1.23239006992351,1.03313154066357,0.00244028344830823,0.0163780562203764
"1082_S366_L001_R",0.474901166074217,0.487591774359656,0.663399887046942,0.646490149828909,6.64429753164347e-05,0.58722301584665,0.862828477459221,1,0.578386100129564,0.769376432676655,0.472243447061559,1.25304807149264,0.617554234078602,0.530281386000465,0.266403109531245,0.431680010630876
"1084_S368_L001_R",0.488323558936968,0.000132086437364611,1.27825328895229,1.26847889258731,0.000132086437364611,0.000475511174512601,0.947508849791303,1,1.27090928303482,0.0450414751413325,0.000871770486606435,1.34989697257886,1.24399006709991,1.04876631267501,0.00179637554815872,0.0144766735351614
"1085_S369_L001_R",0.472070135366632,0,1.22464814752612,1.23600147794834,3.3589734976991e-05,6.71794699539821e-05,0.87229182761748,1,1.30905915152329,0.0491753720063149,0.000705384434516812,1.26199993282053,1.18863995163078,0.957005139229452,0.00685230593530617,0.0182728158274831
"1086_S370_L001_R",0.69047032750554,0.000393991627677912,0.65668554543216,1.30696872691455,0.661856685545432,0.591282935237626,1.25131740950505,1,1.2829352376262,0.708396946564885,0.491898547155873,1.32356562423049,1.34050726422064,0.94902733316917,0.00305343511450382,0.429352376262004
"1087_S371_L001_R",0.463675314280333,0.00018833278402938,1.26230048495692,1.21879561184613,9.416639201469e-05,0.00037666556805876,0.900277790856443,1,1.33881067846885,0.0398323838222139,0.000612081548095485,1.23941805169735,1.21700645039785,1.03564197937756,0.00084749752813221,0.0169028673666368
"1089_S372_L001_R",0.467223650385604,0.472793487574979,0.656740931162525,0.658276206798058,0,0.563517566409597,0.858004855755498,1,0.695087117966295,0.690124250214225,0.428306198229077,1.17630676949443,0.597972007997715,0.513674664381605,0.234147386461011,0.448264781491003
"1091_S373_L001_R",0.469120553359684,0.000197628458498024,0.636363636363636,0.627915019762846,0.000395256916996047,0.585573122529644,0.884782608695652,1,1.28473320158103,0.0425889328063241,0.499505928853755,1.30350790513834,1.18448616600791,0.515217391304348,0.00449604743083004,0.0129940711462451
"1092_S374_L001_R",0.475654704170708,0.535919818946007,0.659812479793081,0.64978984804397,0,0.603103782735208,0.852311671516327,1,0.71044293566117,0.739993533785968,0.482638215324927,1.33268671193016,0.648496605237633,0.558163595215002,0.273650177820886,0.473908826382153
"1093_S375_L001_R",0.458438971387179,9.05469032959073e-05,1.2688790293372,1.27820536037668,0.000407461064831583,0.000135820354943861,0.871332850416516,1,1.27906555595799,0.0401122781600869,0.000543281419775444,1.27055414704817,1.12015574067367,1.00076964867802,0.00615718942412169,0.0179282868525896
"1094_S376_L001_R",0.481154025127967,0.000148060408646728,0.652100342654089,0.658763061043191,0.000105757434747663,0.602627014679132,0.821291086763399,1,1.18325648293075,0.0349422564406278,0.463640593933754,1.24787427556157,1.14429544396971,0.552751808452134,0.000148060408646728,0.00882017005795507
"1095_S377_L001_R",0.476872930463576,0.50325951986755,1.21171357615894,1.22506208609272,0,0.000413907284768212,0.891814983443709,1,0.651386589403974,0.70286630794702,0.000724337748344371,1.29102855960265,0.658267798013245,0.991152731788079,0.24974130794702,0.451986754966887
"1096_S378_L001_R",0.510160814933554,0.000413671854801179,0.000827343709602358,0.70872330523812,0.685971353224055,1.12275712291225,0.902942241067273,1,1.31671751383215,0.0356791974766017,0.881741558508713,1.36878845855525,1.32374993536377,0.437147732561146,0.00170639640105486,0.394229277625524
"1097_S379_L001_R",0.483945051673542,0.613235231574023,0.0273040445710883,0.675626249308893,0.000297707651086633,0.618806617615787,0.845957555394888,1,1.21294602985582,0.0325777229617658,0.766001786245907,1.28792582826522,1.16399438608429,0.340960319823077,0.0144600859099222,0.380342789095394
"1098_S380_L001_R",0.456696389158647,0.512492275094906,1.25840911097378,1.27491833671758,0.000132426944468968,0.000220711574114947,0.870177452105588,1,0.653791824843295,0.708263441334864,0.000750419351990818,1.30263971042641,0.567581883993997,1.02732409287543,0.254966010417586,0.45938907036285
"1099_S381_L001_R",0.490870081256277,0.539167351410572,0.692002191180498,0.676846526065918,0.506893088651511,0.610745914361362,0.828220578836848,1,0.000639094312060623,1.26316990778782,0.4914178763809,1.28923582580115,0.000136948781155848,0.577467360540491,0.48352049666758,0.800693873824523
"10F_S71_L001_R",0.458284853877216,0.551673396755869,0.648381356512217,1.25289165697078,0.000718636643624666,0.576312367394429,0.835774416535487,1,1.23954554787489,0.0336732598726987,0.47334200260078,1.23410444185887,1.1318184929163,0.822496749024707,0.0158442269522962,0.376462938881664
"1100_S382_L001_R",0.477970627503338,0.00320427236315087,1.26488651535381,1.33493546951491,0.000133511348464619,0.000267022696929239,0.795683133066311,1,1.15687583444593,0.0559412550066756,0.000178015131286159,1.27556742323097,1.21637739207833,1.08046283934134,0.00667556742323097,0.0218958611481976
"1101_S383_L001_R",0.465028029322984,8.6244070720138e-05,1.18581285036654,1.21280724450194,0.000301854247520483,0.000301854247520483,0.855368693402329,1,1.2608020698577,0.0453212591634325,0.000603708495040966,1.30521776627857,1.19693833548944,0.980379473911169,0.00802069857697283,0.0160845191893057
"1102_S384_L001_R",0.48870831574504,0.957577036724356,1.34096665259603,1.32197129590545,0.000316589278176446,5.27648796960743e-05,0.867032503165893,1,0.00153018151118615,1.28186998733643,0.000580413676656817,1.29933516251583,0.000316589278176446,1.09566272688898,0.48897214014352,0.821549176867877
"1103_S577_L002_R",0.486333947793632,0.00027309346623882,1.26660749641565,1.31310165904281,0.0004551557770647,0.000614460299037345,0.910675678751053,1,1.26267039894404,0.0304954370633349,0.00109237386495528,1.31248719874377,1.19184816003277,1.09064427300244,0.00022757788853235,0.0116292301040031
"1104_S578_L002_R",0.492321412646036,0.48709533577098,0.648836172300009,1.25634531347543,1.02757513600285,0.586265941318113,0.855328636404174,1,0.00187282618389369,1.22431106751092,0.476143761705164,1.24130919468474,0.000267546597699099,0.90607330776777,0.463533398733613,1.08875412467671
"1105_S579_L002_R",0.503916449086162,0.510937046707282,1.27507977951842,1.28978822164201,0.00127647229474906,0.00145053669857847,0.899390774586597,1,0.664809979692486,0.677719756309835,0.00113141862489121,1.35033362344067,0.624310995068175,1.06353350739774,0.252596460690455,0.444270380040615
"1106_S580_L002_R",0.498753219147284,0.479867555083187,0.647590238319094,0.651882434697298,0.000163512242979193,0.57548133916527,0.878919184073908,1,0.614846911662511,0.633650819605118,0.49752687732494,1.29861423374075,0.535666107999836,0.5532436741201,0.251808854187957,0.429178759759637
"1107_S581_L002_R",0.47568852984332,0.00102878923313039,1.24456512573154,1.25449884472029,0.000236115561702056,0.0007252120823706,0.837687416727101,1,1.3054660752534,0.0266473276778035,0.00111311621945255,1.27765503516435,1.12625436392154,1.0596529101243,0.00207444386352521,0.0126153171537956
"1108_S582_L002_R",0.483720930232558,0.000166112956810631,0.590132890365448,0.604086378737542,0.000199335548172757,0.614252491694352,0.850265780730897,1,1.28797342192691,0.0260132890365448,0.470730897009967,1.27820598006645,1.13797342192691,0.507109634551495,0.00209302325581395,0.00691029900332226
"1109_S583_L002_R",0.490925931286,0.491910040811601,1.26012330313468,1.262380966164,0.000520999160612464,0.000839387536542302,0.936467046803091,1,0.673594025876292,0.686850560074098,0.000376277171553446,1.33691279052939,0.609337462734088,1.04170887724681,0.254392312367941,0.4514457726707
"1110_S584_L002_R",0.475790387156579,0.000138058891978778,0.646332564148078,0.647220085596513,0.000118336193124667,0.600733684397373,0.868607380233911,1,1.31558290436463,0.025895903595448,0.483679466698223,1.30359150346133,1.18040352641856,0.540697789085458,0.00169615210145356,0.0079285249393527
"1111_S585_L002_R",0.480421654148358,0.000216454901621247,1.25526526548194,1.25742981449815,0.000432909803242494,0.000692655685187991,0.869001493538821,1,0.964999242407844,0.035238857983939,0.000714301175350116,0.934154418926817,0.637351457823762,1.0581181410853,0.000389618822918245,0.0112989458646291
"1113_S586_L002_R",0.714251269851476,0.000321481386227737,1.27192503054073,1.28787050729763,0.000225036970359416,0.00117340705973124,1.31908634990034,1,1.26710280974732,0.700524014659551,0.00110911078248569,1.32212434900019,1.22902333954864,1.09195975053044,0.00157525879251591,0.0630746479778821
"1114_S587_L002_R",0.493161475116362,0.000143215180809166,1.24141305645065,1.25616422007399,0.000310299558419859,0.00169471297290846,0.898174006444683,1,1.30409356725146,0.0269483231889247,0.00107411385606874,1.30103831006087,1.14008831602817,1.06707244301229,0.00126506743048096,0.010406969805466
"1115_S588_L002_R",0.257611847555924,0.970122203811102,0.00139809444904722,0.670912731289699,0.664785280309307,1.14015465341066,0.479183927091964,1,0.000621375310687655,0.690037282518641,0.932270091135046,1.33026097763049,0.000155343827671914,0.396558271195802,0.48025407346037,1.09797017398509
"1116_S589_L002_R",0.703610439990472,0.00125906012862831,0.646918705550073,1.26702283322558,0.647258992071324,0.600980025181203,1.32745771939973,1,1.26130601966856,0.708782795113486,0.48194780004764,1.30384183482492,1.10889168680029,0.937625480654711,0.00697587368564331,0.425188008302991
"1117_S590_L002_R",0.499912682820345,0.000720366732154551,0.647500545732373,1.29960707269155,0.658611656843484,0.594368041912246,0.880288146692862,1,1.17312813796114,0.112530015280506,0.476773630211744,1.33276577166558,1.21318489412792,0.936847849814451,0.00192097795241214,0.367779960707269
"1118_S591_L002_R",0.24365322148286,0.492446939354757,0.637579236179003,0.672427386546406,0.000567662177930556,0.582452931344413,0.454571257371724,1,0.644044277649879,0.017471380365196,0.461950865684821,1.30502381027469,0.626572897284683,0.522312277271437,0.244189346873128,0.365196001135324
"1119_S592_L002_R",0.473828797479946,0.490568111058203,0.0028570382037288,1.25394674187759,1.21101791143182,1.15332771693345,0.895022160360426,1,0.625032050108055,0.666166074502765,0.904215962785246,1.32101388227537,0.582909050950515,0.725504560272518,0.245851800300355,1.08120581663675
"1120_S593_L002_R",0.4890081799591,0.000408997955010225,0.670398773006135,0.659790388548057,0.000357873210633947,0.599821063394683,0.863880368098159,1,1.23842024539877,0.0261758691206544,0.478195296523517,1.2704754601227,1.19026073619632,0.563624744376278,0.000153374233128834,0.00695296523517382
"1121_S594_L002_R",0.462820940313438,0.38020610044618,1.21988281808222,1.21638959018085,0.000317566172851268,0.00088918528398355,0.873338731958272,1,0.788866129979835,0.533098334365423,0.00114323822226456,1.29789294844313,0.735546769558107,1.0147350704203,0.190110989377412,0.330840438876451
"1122_S595_L002_R",0.494641245487365,0.514007972322503,0.000883724428399519,7.52105896510229e-05,0.000338447653429603,1.09531061973526,0.855746089049338,1,0.619810469314079,0.684247141997593,0.884927797833935,1.30574984957882,0.625846119133574,0.0042870036101083,0.251128158844765,0.396453820697954
"1123_S596_L002_R",0.472145069118539,0.516297928040098,1.23701433451457,1.26198001468569,0.000223477955495961,0.00137279315518948,0.858793857548766,1,0.622864987389458,0.671710883376433,0.000734284710915302,1.30025859591993,0.597675829262842,1.04584490629889,0.2363758260703,0.435462758994988
"1124_S597_L002_R",0.472744388550584,0.00017650692789692,1.21725061041979,1.23496013885212,0.000205924749213073,0.000853116818168446,0.89224252051893,1,1.25661165534081,0.0334186450151502,0.000853116818168446,1.32627305621746,1.27605683523078,1.06833759891742,0.00138263760185921,0.0112964433854029
"1125_S598_L002_R",0.228823529411765,0.49,0.0205882352941176,0.0189705882352941,0,1.10205882352941,0.380147058823529,1,0.525588235294118,0.0225,0.912941176470588,1.28205882352941,0.607352941176471,0.0307352941176471,0.209264705882353,0.299558823529412
"1127_S599_L002_R",0.468502176726674,0.000235321802565008,1.28657489116367,1.25113542769738,4.70643605130015e-05,0.000400047064360513,0.863372161430757,1,1.2287798564537,0.0320272973290975,0.000776561948464525,1.2680550653018,1.16138369219908,1.00785974820567,0.000847158489234028,0.0124485233556889
"1128_S600_L002_R",0.468723736342898,0.000840437027254172,0.658182254772482,1.27530315764197,0.64953775963501,0.591067355024613,0.881978628887021,1,1.273502221155,0.0321767319005883,0.462840677152119,1.33533437387441,1.1234241805739,0.901308680513867,0.00912474486733101,0.342778244687237
"1129_S601_L002_R",0.470927206483753,0.000576251022380846,1.24641237266711,1.25364339356086,0.00039036359580638,0.00579968770912336,0.885270280318239,1,1.18296899397725,0.0313592088631125,0.00494460554688081,1.28989144174288,1.04624879173173,1.0435534240464,0.0100565097776786,0.00868094282102758
"1130_S602_L002_R",0.483430099810816,0.00176136734294475,0.633276795616152,1.26619479418096,1.05688564159436,0.588133602974754,0.906321351686346,1,0.606856285471981,0.655032944092896,0.481342553330289,1.2714788962098,0.571889881923152,0.884532585295844,0.222552025572444,0.741829212603562
"1131_S603_L002_R",0.476190476190476,0.000474608448030375,0.625692137320044,0.633665559246955,6.328112640405e-05,0.565416864420187,0.871919000158203,1,1.21487106470495,0.0251858883088119,0.461983863312767,1.26337604809366,1.2000632811264,0.531308337288404,0.00094921689606075,0.00806834361651637
"1132_S604_L002_R",0.484481530477257,0.000135680607849123,1.31454156914623,1.23591465689766,0.000101760455886842,0.00101760455886842,0.887690376852888,1,1.19046165326821,0.101624775278993,0.00108544486279299,1.30969098741562,1.24863471388352,1.00712323191208,0.000780163495132458,0.0101760455886842
"1134_S606_L002_R",0.470120442171259,0.000329978551394159,0.61976571522851,0.630457020293681,0.000131991420557664,0.59663421877578,0.877841940273882,1,1.22101963372381,0.0299950503217291,0.433426827256228,1.25761425507342,1.1267447615905,0.532585381950173,0.00607160534565253,0.00768850024748391
"1135_S607_L002_R",0.45939146783889,0.000185366628710643,1.25564706193893,1.27487222943092,0.000132404734793316,0.000370733257421285,0.891798850726902,1,1.31271350263485,0.0248656091941848,0.00124460450705717,1.28824510764505,1.17241744564786,1.04975769933533,0.00082090935571856,0.00990387416254005
"1136_S608_L002_R",0.492364348072416,0.496587777806392,1.24405758285906,1.24372279879478,0.0122582472766604,0.0192629600061806,0.871700445520332,1,0.672941721820195,0.664494862352244,0.0100692745486853,1.34238108727563,0.629110762020036,1.08397929489326,0.246684350132626,0.425819577141974
"1138_S610_L002_R",0.253953464947623,0.48861804995971,0.641166398066076,0.628147663174859,0.466685132957293,0.563154713940371,0.442284448025786,1,0.00412973408541499,0.663678485092667,0.435107775987107,1.21759165995165,0.00347502014504432,0.492571514907333,0.45223106365834,0.717667203867849
"1140_S612_L002_R",0.454884526993934,0.000339072448479825,1.24612892287986,1.21497193233621,0.000753494329955167,0.00120559092792827,0.865199864371021,1,1.20950909844403,0.0333044493840184,0.000602795463964134,1.24571450099838,1.01103869193384,1.02151226312022,0.00655540067060995,0.0104358964698791
"1141_S613_L002_R",0.472634076082352,0.0002965347792934,1.24197237990341,1.23002626450902,0.000465983224603914,0.0017792086757604,0.94141320003389,1,1.27560789629755,0.0276200965856138,0.000508345335931543,1.32538337710751,1.21371685164789,1.0160976023045,0.000720155892569686,0.0100821824959756
"1142_S614_L002_R",0.4885740107159,0.499548124717578,0.663223807372022,0.638693434897682,0.000580982505971209,0.569717900716545,0.909495836292041,1,0.642760312439481,0.663998450713317,0.450648763798335,1.28552062487896,0.605674262474985,0.536569621070299,0.244529081402104,0.418662449164031
"1143_S615_L002_R",0.468581221437474,0.00311591192355629,0.612744079767345,1.18321562110511,1.06008516825924,0.545751973410885,0.87022226838388,1,0.628687162442875,0.6425529705027,0.452430411300374,1.29097424179477,0.5646032405484,0.8764021603656,0.233589530535937,0.741275446614042
"1144_S616_L002_R",0.495959595959596,0.00160697887970615,1.25073461891644,1.24132231404959,0.000183654729109275,0.000734618916437098,0.910192837465565,1,1.26717171717172,0.0274104683195592,0.00068870523415978,1.26386593204775,1.09141414141414,1.01657483930211,0.00661157024793388,0.00973370064279155
"1145_S617_L002_R",0.484350300347771,0.00927389609020972,1.24760248709032,1.22520813573612,0.000210770365686584,0.00147539255980609,0.873643165770893,1,1.24359785014227,0.0407313731689324,0.00200231847402255,1.31030667088207,1.1312045526399,0.996680366740436,0.00368848139951523,0.022341658762778
"1147_S618_L002_R",0.246907597745416,0.498176439082864,0.634216633936086,0.646713764696881,0.00068861740926828,0.573771328011426,0.443826672447652,1,0.636486520951822,0.0191282613685633,0.488255247519702,1.30276212094162,0.612486929021398,0.520288709224923,0.241908745441098,0.386161340508557
"1148_S619_L002_R",0.48394647127665,0.00117030478807307,1.28443494631863,1.24596753676284,0.000356179718109195,0.00213707830865517,0.840635017554572,1,1.24031954408996,0.0281890805474991,0.001577367323055,1.30010685391543,1.16140029512034,1.11072100951509,0.00117030478807307,0.0113977509794942
"1149_S620_L002_R",0.512612797374898,0.459905660377358,1.23959187858901,1.20390689089418,0.000461443806398687,0.00225594749794914,0.890996718621821,1,0.62320549630845,0.677963494667761,0.00169196062346185,1.27414889253486,0.517996308449549,1.05188679245283,0.250102543068089,0.402020098441345
"1151_S621_L002_R",0.492259386856221,0.00183158170162662,1.2479176660416,1.23339583969299,0.614670097248266,0.00091579085081331,0.847978718764991,1,1.19698225110113,0.0247263529719594,0.00130827264401901,1.26797784658323,1.09249487593214,0.865422354018577,0.000697745410143474,0.429723954472112
"1152_S622_L002_R",0.47824183521583,0.00026267402153927,1.29807664244228,1.24583369815836,0.000291860023932522,0.0019554621603479,0.928319178122173,1,1.28284154919301,0.0283979803286344,0.000408604033505531,1.30548988705017,1.19534191401804,1.0566500306453,0.000642092052651548,0.00887254472754867
"1153_S623_L002_R",0.476914673413063,0.494135234590616,1.22599471021159,1.2191237350506,0.00077621895124195,0.000891214351425943,0.894721711131555,1,0.654611315547378,0.670164443422263,0.00129369825206992,1.29116835326587,0.605882014719411,1.0678760349586,0.252932382704692,0.44396849126035
"1155_S625_L002_R",0.478286299166545,0.945342886386899,0.669659306916216,1.23632109957596,0.657142857142857,0.610001462202076,0.87477701418336,1,0.00143295803480041,1.25029975142565,0.482175756689575,1.29902032460886,0.000701856996636935,0.926275771311595,0.481766340108203,1.15829799678316
"1156_S626_L002_R",0.477244399528381,0.505204648812532,1.27299983156476,1.26333164898097,0.000774802088596934,0.00168435236651507,0.868856324743136,1,0.692504631969008,0.662051541182415,0.00131379484588176,1.23132895401718,0.592925720060637,1.04746504968839,0.249957891190837,0.410274549435742
"1157_S627_L002_R",0.490208877284595,0.947089540777146,1.32149439410229,1.31634925510674,0.00211181078175395,0.000959913991706343,0.900360927660882,1,0.00794808785132852,1.29277376747043,0.000767931193365075,1.26754722776839,0.00061434495469206,1.06312394409461,0.4637152511135,0.825718015665796
"1158_S628_L002_R",0.230242688238955,0.468041603698106,0.633063679734495,0.621299671081874,0.000385219426912022,0.566183660769846,0.428038047826473,1,0.630930156754674,0.0172459774202151,0.466619255044893,1.18917237087741,0.587578155095268,0.515334696417459,0.230894598038344,0.365010223130945
"1160_S630_L002_R",0.473560926987291,0.000398704211313232,0.610964365811114,0.620483428856217,9.9676052828308e-05,0.54816845252928,0.868278096187391,1,1.15783702965363,0.0189384500373785,0.398455021181161,1.22227759780713,1.10032394717169,0.486419137802143,0.000847246449040618,0.00593072514328433
"1161_S631_L002_R",0.471383039581574,0.000544825519627339,0.00215206080252799,0.630363126208832,0.632951047427061,1.08935138521888,0.839930262333488,1,1.21496090876897,0.0229643956522924,0.89397695388052,1.19491132964668,1.05717943828489,0.371598245661827,0.00705549047917404,0.337110790269416
"1163_S632_L002_R",0.492373722223504,0.000784548999700025,0.00163832291113829,0.59505734130189,0.617232388028705,1.07247848258993,0.835683134504004,1,1.21851997138704,0.0251055679904008,0.84249025082493,1.1782079977848,1.04105037266077,0.374437547592127,0.0053533931744237,0.345686134250179
"1165_S633_L002_R",0.458089171974522,0.000438782731776362,1.21673036093418,1.20093418259023,0.000240622788393489,0.00130219391365888,0.88553432413305,1,1.19310686482661,0.0302193913658882,0.000552016985138004,1.23380042462845,1.11782024062279,0.993021939136589,0.000679405520169851,0.0104458598726115
"1166_S634_L002_R",0.489408327246165,0.495957280673031,0.623989320168258,0.636256013702426,0.000554142213042493,0.581748570564973,0.914838417168333,1,0.620639278607592,0.679252411778041,0.453515024810458,1.2621092667691,0.583939951134732,0.552731669227475,0.234251026422508,0.445505151003753
"1167_S635_L002_R",0.498851970124832,0.000607004301813095,1.23066163468898,1.26441635216806,0.92003378110897,0.000738961758728986,0.882505080362091,1,0.00142514053469162,1.31405874745982,0.000870919215644876,1.30331741046687,0.000607004301813095,1.05935446412077,0.487582803304215,0.782903591881977
"1168_S636_L002_R",0.482290556654996,0.000355203734713554,1.21116862028721,1.19949764043233,0.000152230172020094,0.00116709798548739,0.883417059927944,1,1.25239762520932,0.0282894403004009,0.000811894250773837,1.24790683513472,1.14426345968438,0.992642208352362,0.000482062211396966,0.00946364236058253
"1169_S637_L002_R",0.474549126937649,2.39031444586535e-05,1.20707294044532,1.17439734197034,4.78062889173071e-05,0.00044220817248509,0.855648910614191,1,1.25355260484517,0.0318509399911558,0.00077685219490624,1.22376928684969,1.22350635226064,0.947209905463064,0.000908319489428834,0.00775657037683307
"1170_S638_L002_R",0.490419026973967,0.000695310742550972,0.673183500685086,1.27432053825232,0.635861674062864,0.586371909446001,0.831162191455858,1,1.23137487474181,0.0312889834147938,0.474099674839976,1.27562935847359,1.11971614961451,0.896991758522669,0.00079756232233788,0.367860283441379
"1172_S639_L002_R",0.25646135145368,0.00045832253950541,0.649403184345296,0.644401490544607,0.000139489468545125,0.577466472709882,0.464559711456071,1,0.639519359145527,0.0169180798278301,0.481278520614551,1.26995197576869,0.562242193571528,0.0496183966681944,0.203475280473467,0.00557957874180499
"1174_S640_L002_R",0.508722851226926,0.000682849464734129,0.646438169082338,0.633177673025243,0.000220274020881977,0.564055685272479,0.904555266751839,1,1.32085113881669,0.0227102515529318,0.468148376580466,1.21956914401515,1.1222520815895,0.496783999295123,0.000748931670998722,0.0057491519450196
"1175_S641_L002_R",0.486901769142213,0.00103376171792402,0.669078777341823,1.29885111481803,0.649883701806733,0.591546648497521,0.871766557808425,1,1.23384159951131,0.0313417757206964,0.46925733618401,1.27082207551159,1.18114324648169,0.932899466672932,0.00176209383737049,0.389328759720884
"1176_S642_L002_R",0.495556694864565,0.000897205844655217,0.00262753140220456,0.642313936597454,0.637208408100487,1.1554729556524,0.894193796462446,1,1.22425873707596,0.0286037768093651,0.924656071092882,1.26894813295736,1.17281893531573,0.368089378791763,0.00187985986499188,0.366423139365975
"1177_S643_L002_R",0.474396312518632,0.000435709863095375,1.2351228013851,1.24009906666361,0.000917283922306052,0.000642098745614236,0.862178090673516,1,1.28254638016832,0.0307060792991951,0.00103194441259431,1.23337996193272,1.13270805145963,1.00655858004449,0.00158231476597794,0.0101818515375972
"1178_S644_L002_R",0.692927319312086,1.27127610550958,0.633960664319552,1.24331348730899,0.631343201046985,0.708226576468637,1.2208438554128,1,0.00151149287570736,1.79194853551087,0.853772280695287,1.24143333763433,0.000165895559528857,0.885200272806031,0.443014875301838,1.42406591583565
"1179_S645_L002_R",0.504888699036499,0.513811761355546,0.000830604205230433,0.660093027670986,0.642104513740567,1.12518391950259,0.892614742038065,1,0.6528311737624,0.683326213868717,0.933148227253311,1.29263372727704,0.610683943234135,0.384688404765295,0.237362950306137,0.772722957900233
"1180_S646_L002_R",0.48953278477155,0.000234428112619265,0.634901657406756,0.625641746958295,4.68856225238531e-05,0.571699838244602,0.803174156644865,1,1.14754905408257,0.0291863000210985,0.445389971165342,1.19316876479827,1.07124270342499,0.530393604801088,0.001594111165811,0.00607168811683897
"1196_S647_L002_R",0.492684804928131,0.000333675564681725,1.24289014373717,1.23585728952772,5.13347022587269e-05,0.000795687885010267,0.93711498973306,1,1.2986909650924,0.0318788501026694,0.000924024640657084,1.2976386036961,1.20731519507187,1.02569301848049,0.00770020533880903,0.0107546201232033
"11F_S7_L001_R",0.473774100500987,0.00018976772430545,1.22863215424321,1.22343251859724,0.0003795354486109,0.00102474571124943,0.88579778351298,1,1.28894033702748,0.0362835888872021,0.00121451343555488,1.22665856991043,1.17109458023379,1.00884317595263,0.00170790951874905,0.0157127675724913
"12F_S8_L001_R",0.486530931871574,0.491660140955364,0.669851213782302,0.655755677368833,0.000234925606891151,0.637744714173845,0.85203602192639,1,0.647729052466719,0.68371182458888,0.428817541111981,1.31781519185591,0.648277212216132,0.553367267032106,0.248277212216132,0.432772122161316
"13F_S9_L001_R",0.437044786930103,0.497203331857873,1.17886604160798,1.20256730111464,0,0,0.796346223492012,1,0.627902297694258,0.714619130014889,0.000160959317532494,1.29572250613657,0.604160798358215,0.986881815621102,0.260995533378938,0.432537926039194
"14F_S10_L001_R",0.498629198080877,0.000114233493260224,0.652558830249029,0.674491660954992,0,0.578821110349555,0.834761251999086,1,1.17911811743203,0.0364404843500114,0.452478866803747,1.25988119716701,1.22738176833448,0.551347955220471,0.00416952250399817,0.012222983778844
"15F_S11_L001_R",0.477016349450877,0,1.21244347264324,1.24196193410525,0,0.000149083138697013,0.790289718232868,1,1.24226010038265,0.0391591710977488,0.000198777518262685,1.22387317994335,1.22601003826467,0.97256870247975,0.00814987824877006,0.0202753068627938
"16F_S12_L001_R",0.49699873341043,0.923123520017622,0.70504983754612,1.40519852414781,0.709950988490556,0.624538796189217,0.822897736659508,1,0.000110138223470455,1.25689740624484,0.499256566991574,1.28905776749821,0.000110138223470455,0.962718211355251,0.479927308772509,1.09141472548048
"17F_S13_L001_R",0.465949948382044,0.000462781673845716,1.17436189526895,1.21576305578299,0.507956284931117,0.000177992951479121,0.836780463493646,1,0.667295575095226,0.704780890676729,0.000320387312662419,1.32369798155993,0.693816524865615,0.951941903100637,0.268128582108148,0.428571428571429
"18F_S14_L001_R",0.476235462748803,6.51529465420074e-05,0.653093136137082,1.25067596182037,0.62967065185523,0.577874059354334,0.844935987230023,1,1.18838974492621,0.0411440857412776,0.46704889728638,1.21754568850376,1.15108968303091,0.897807603348861,0.00260611786168029,0.36645274782552
"19F_S15_L001_R",0.687255104145185,0.000103114044132811,0.000549941568708325,0.676874957035815,0.646421942668591,1.04152058843748,1.22819137966591,1,1.20200041245618,0.696088540592562,0.82549666597924,1.24812676153159,1.18481473843404,0.381315735203135,0.00285282188767443,0.414346600673678
"1F_S1_L001_R",0.46718600400383,0.000217599442945426,0.647271302985464,1.31730350770302,1.00195839498651,0.581382191661589,0.830925232831404,1,0.634563495517452,0.681216816084951,0.477065018713552,1.19209678823222,0.630690225433023,0.895769866829141,0.248672643398033,0.685742884498216
"20F_S16_L001_R",0.44957085073498,3.2885001150975e-05,1.20454470715906,1.18991088164688,6.57700023019501e-05,0.000756355026472426,0.785688447499096,1,0.982011904370417,0.0354500312407511,0.00124963004373705,0.914794962017824,0.630964517083758,0.947088033148081,0.00194021506790753,0.0168700055904502
"21F_S17_L001_R",0.461590002039211,0.489177615288257,1.15573746613453,1.17036152299939,0.000436973810702945,0.000728289684504909,0.849244035307484,1,0.667550324817199,0.682320039618959,0.000553500160223731,1.27476913217001,0.59489614589099,0.923383925190084,0.239315990328313,0.427447781629621
"22F_S18_L001_R",0.445915873189595,7.29634088504615e-05,1.1391047389734,1.17894276020576,0,0.000364817044252307,0.866148626463828,1,1.20032103899894,0.0402028382766043,0.000693152384079384,1.2414724015906,1.17832257123053,0.938163510999234,0.00269964612746708,0.0171099193754332
"23F_S19_L001_R",0.489584590504236,0,0.836684448091916,0.80532960003862,0.000217239132008979,0.428250742233701,0.856235969972724,1,1.14803639962345,0.03806512346424,0.323420792198701,0.898645876077144,0.859663520722199,0.418619807381303,0.00168963769340317,0.010355065292428
"24F_S20_L001_R",0.689313273268095,0.00025865413631073,0.63866017157391,1.26365478294607,0.656938397206535,0.586024054834677,1.21972668879597,1,1.16441781264819,0.675518385998189,0.462516704746303,1.25123938440316,1.17097038410139,0.865930939345605,0.000215545113592275,0.420744061732121
"25F_S21_L001_R",0.461037130980061,0.888184316212217,1.22560417107025,1.23599661805115,7.04572676671599e-05,0.00024660043683506,0.782005213837807,1,0.00465017966603255,1.14908757838371,0.000422743606002959,1.21834707250053,0.000387514972169379,0.967589656873106,0.445712675262453,0.747622067216233
"26F_S22_L001_R",0.461285362853629,0.858579335793358,1.22149446494465,1.22746002460025,0.0002460024600246,0.0003690036900369,0.78170356703567,1,0.000861008610086101,1.1710024600246,0.000861008610086101,1.21519065190652,9.22509225092251e-05,1.0010147601476,0.445418204182042,0.760793357933579
"27F_S23_L001_R",0.458764219234747,0,0.633488452257842,1.26266804550155,0.652404343329886,0.556230610134436,0.738753877973113,1,1.08104963805584,0.0432178559117546,0.463245432609445,1.19445880730782,1.12120820406756,0.875043088590141,0.00745432609445019,0.3600913478111
"29F_S24_L001_R",0.47967569356351,0.000220616623462578,0.000330924935193867,1.27979703270641,1.91638629970768,1.09784347250565,0.822127847333297,1,0.000275770779328222,1.26937289724781,0.88831283437207,1.30533340687221,0.000220616623462578,0.730461640284595,0.495835861232144,1.25337819204677
"30F_S25_L001_R",0.448771457421744,0.000235610905419051,1.26937058229552,1.26492763379334,0,0.000336587007741501,0.765634466509593,1,1.11322786940424,0.0362504207337597,0.000605856613934702,1.18741164591047,1.10777515987883,0.964893975092561,0.00488051161225177,0.0221474251093908
"31F_S26_L001_R",0.464011896893589,0.909715796430932,1.1969596827495,1.25766688697951,0.000165234633179114,0.000264375413086583,0.807534699272968,1,0.00092531394580304,1.24676140118969,0.000396563119629874,1.22699933906147,0.000165234633179114,0.945736946463979,0.453337739590218,0.796298744216788
"32F_S27_L001_R",0.454725124026943,0.000242003791392732,1.13685314403259,1.17105634654943,0.00020166982616061,0.000443673617553342,0.840640503367886,1,1.21897309724519,0.0429556729722099,0.00125035292219578,1.21844875569717,1.16036784576292,0.902432138103497,0.00867180252490622,0.0130278707699754
"33F_S28_L001_R",0.473191607807662,0.500260951254306,1.23983159945722,1.24153648098535,0.000243554504018649,0.00062628301033367,0.852545144566995,1,0.648585644201663,0.676942347169549,0.00038272850631502,1.28318430117254,0.631536828920358,0.976966702619951,0.242823840506593,0.431578581121047
"34F_S29_L001_R",0.449346147786356,0.502284543878998,1.16007562628013,1.20233968804159,0.000354498188120372,0.000118166062706791,0.867181345517567,1,0.627973845911454,0.666180872853317,0.000393886875689302,1.29797542145896,0.622144320151253,0.960650701118639,0.241413266109973,0.425949267370411
"35F_S30_L001_R",0.490361345239089,8.34515563715263e-05,0.678002169740466,0.720020028373529,0.000208628890928816,0.624551447884503,0.892305766502545,1,1.30301260118501,0.0432696319786364,0.468163231244263,1.29591921889343,1.22953350579988,0.565217391304348,0.00913794542268213,0.0101393640991404
"36F_S31_L001_R",0.475451348182884,9.37866354044549e-05,1.25810082063306,1.2021101992966,9.37866354044549e-05,0.000140679953106682,0.867291910902696,1,1.21439624853458,0.040609613130129,0.000375146541617819,1.24994138335287,1.15906213364596,0.999765533411489,0.00164126611957796,0.0182883939038687
"37F_S32_L001_R",0.263153758497387,0.5040669574443,0.664466187276514,0.675507878502102,3.92942748241581e-05,0.615937757868679,0.480333215450509,1,0.720814177374357,0.021611851153287,0.471688474989194,1.34881527761405,0.650556013988762,0.577743722739597,0.265118472238595,0.389642029156352
"38F_S33_L001_R",0.493382158298774,0.00026471366804906,1.30212653313333,1.29453807464925,0,0.000573546280772964,0.902673608047295,1,1.36181946527839,0.0377216976969911,0.00105885467219624,1.27075796346951,1.23299214682785,1.07707579634695,0.00295596929321451,0.0180446483720109
"39F_S34_L001_R",0.483624623599168,0.496445534411573,0.648371775370192,0.64629186974203,0.000155216837922578,0.598671343867383,0.878806692950051,1,0.654580448887095,0.668860397975972,0.460994008630056,1.30642908142675,0.645764132493093,0.55850122621302,0.257504734113557,0.428833079812498
"3F_S2_L001_R",0.464905484970561,0.000348621010226216,1.16722187790518,1.20297489928726,7.74713356058258e-05,0.000116207003408739,0.82526340254106,1,1.26588162379919,0.0476836070653858,0.000387356678029129,1.26301518438178,1.19348466067555,0.971839169507282,0.0120467926867059,0.0161915091416176
"40F_S35_L001_R",0.488789970188263,0.00167435782251807,0.00130681586147752,1.27937272838649,1.91432188508188,1.12386164087067,0.875975007146649,1,0.000816759913423449,1.28570261771552,0.924898925960714,1.30636664352514,0.000245027974027035,0.741168783436109,0.514517907461102,1.29934250826969
"41F_S36_L001_R",0.514260135567208,0.50824913671825,0.000682099160165409,0.000298418382572366,8.52623950206761e-05,1.109263759219,0.874877435307158,1,0.707081041906467,0.702945815747964,0.883829986784329,1.33192650381549,0.628511744894914,0.0039220701709511,0.275440167114294,0.426098819115829
"42F_S37_L001_R",0.510492724023487,0.000255297421496043,1.30181261169262,1.30380393158029,0.00035741639009446,0.00035741639009446,0.887056420730151,1,1.30921623691601,0.0459535358692877,0.00071483278018892,1.33132499361756,1.17732958897115,1.1160582078121,0.0122032167475108,0.0180239979576206
"43F_S38_L001_R",0.501417848206839,0,1.25671392827356,1.26216291353906,0.000333611342785655,0.000333611342785655,0.880900750625521,1,1.35134834584376,0.0374756741729219,0.000166805671392827,1.34245204336947,1.25215457325549,1.05715874339728,0.003224909646928,0.0186822351959967
"44F_S39_L001_R",0.471533070745307,0.494449843981789,1.20369328354392,1.22262008286869,0.000358074581820042,0.000613842140262929,0.873548519105837,1,0.623100925878562,0.682745920507443,0.000869609698705816,1.32405749654714,0.556396746636657,0.995447337459717,0.248912987876618,0.447388613228298
"45F_S40_L001_R",0.480257899504449,0.000586135237384771,0.624393882879523,0.618585815527255,0.000213140086321735,0.569563595673256,0.835828848510684,1,1.28603399584377,0.0306388874087494,0.426120317578729,1.21948100388981,1.14408269835349,0.510950071934779,0.00138541056109128,0.008845313582352
"46F_S41_L001_R",0.476959836158835,0.000284446467174878,1.27079303675048,1.26863124359995,0,0.000625782227784731,0.905393105017636,1,1.36101945613835,0.0409602912731824,0.000967117988394584,1.42871771532598,1.23785413585163,1.08738195471612,0.0100694049379907,0.0179770167254523
"47F_S42_L001_R",0.502016970371401,0,0.64209208513006,0.674015857560161,0.000347753512310474,0.589233551258868,0.864097927389067,1,1.33092224231465,0.0274029767700654,0.464042286827097,1.3133954652942,1.22332730560579,0.558492140770622,0.00389483933787731,0.010989010989011
"48F_S43_L001_R",0.47328093004822,0.000330272805337209,1.20034348371755,1.19102979060704,0.000132109122134883,0.000198163683202325,0.853160710747077,1,1.20173062949997,0.0348768082436092,0.000594491049606975,1.2385890745756,1.1813858246912,0.992337670916177,0.000330272805337209,0.0149283308012418
"49F_S44_L001_R",0.470046606797772,0.861373195407525,0.648800727520746,0.632545185858815,0.000738888257360464,0.572638399454359,0.807661702853245,1,0.00130726383994544,1.19211094691372,0.452199613504604,1.22331476639764,0.00039786290780948,0.541150392179152,0.449641923382971,0.765601909741958
"4F_S3_L001_R",0.45733445769586,0.48492149540216,1.16785126290005,1.18174517126451,0.000522025458780067,0.000281090631650805,0.902059992771955,1,0.65192948640726,0.693330120868972,0.00128498574468939,1.27442476810023,0.643536923262258,0.972613741316307,0.253142191703811,0.432317391478938
"50F_S45_L001_R",0.467417765951424,0.000283077619883372,0.618071675253354,0.646096359621808,5.66155239766744e-05,0.573571873407688,0.813565079544811,1,1.15993885523411,0.0289305327520806,0.453037422861349,1.27945422634886,1.14131234784578,0.540508407405311,0,0.00979448564796467
"51F_S46_L001_R",0.487232344726692,0.000398989227290863,0.663519084984705,1.30861816730948,1.08910759409496,0.591169038435962,0.870793988562309,1,0.637717781619896,0.693177284213326,0.474198696635191,1.31978986567363,0.573879505253358,0.938223167974465,0.268586248171299,0.721306024737332
"52F_S47_L001_R",0.465299964501242,0.491790912318069,0.0014643237486688,0.000488107916222932,0.000443734469293575,1.06420837770678,0.871006389776358,1,0.654952076677316,0.685924742634008,0.855209442669507,1.28137202697906,0.629037983670572,0.00346112886048988,0.244852680156195,0.416666666666667
"53F_S48_L001_R",0.478118161925602,0.000410284463894967,0.652352297592998,1.27721553610503,0.654266958424508,0.582558351568198,0.761761487964989,1,1.09477571115974,0.0480488694383662,0.446024799416484,1.21544493070751,0.994301604668125,0.914569657184537,0.0140864332603939,0.364150255288111
"54F_S49_L001_R",0.453898333472908,0.496315216481032,1.16330290595428,1.19629846746504,0.000167490159953103,0.000418725399882757,0.832551712586886,1,0.647851938698601,0.694791056025459,0.000334980319906205,1.28887865337911,0.653881584456913,0.950171677413952,0.252533288669291,0.431077799179298
"55F_S50_L001_R",0.482983504137666,5.480352934729e-05,1.23636762207486,1.22074861621088,0.00021921411738916,0.00038362470543103,0.821121280210446,1,1.26667397380391,0.0344714199594454,0.000986463528251219,1.21625472680441,1.21400778210117,1.01490655998246,0.00416506823039404,0.0182495752726476
"56F_S51_L001_R",0.484869393790044,9.8570724494825e-05,1.22385411532775,1.25470675209463,9.8570724494825e-05,0.00152784622966979,0.82819122720552,1,1.25736816165599,0.0356333169048793,0.000492853622474125,1.23701330704781,1.1971907343519,1.00980778708724,0.00468210941350419,0.0177920157713159
"57F_S52_L001_R",0.481512513205348,0.483516083202798,0.631707405923281,0.634694546646752,0.00040071399949,0.58445958252887,0.835597974572875,1,0.642490255364103,0.688499508214637,0.460711813777276,1.29922407198281,0.553495318931915,0.539288186222724,0.245892681505228,0.429128264908382
"58F_S53_L001_R",0.481683635981946,0.000104964836779679,0.672824603757741,0.662643014590112,0.000104964836779679,0.611735068751968,0.901490500682271,1,1.16379762779469,0.103022987299255,0.46410202582135,1.3073370420909,1.18641755012071,0.560774640495434,0.00120709562296631,0.00881704628949302
"59F_S54_L001_R",0.487777081315175,0.513704484586016,1.30440480939085,1.28024388854066,0.000113966607783919,0.000797766254487435,0.898740668983988,1,0.671947119493988,0.703515869850134,0.000911732862271355,1.34070317397003,0.666419739016468,1.05846486979315,0.249529887742891,0.430223944384295
"5F_S4_L001_R",0.467002385369732,0.517492711370262,1.19745560561887,1.19325912183055,8.83470271225373e-05,0.000309214594928881,0.860279176605707,1,0.658362046117148,0.696616308861207,0.000176694054245075,1.31623818358512,0.631902111493948,0.962010778337309,0.25488117324852,0.449288806431664
"60F_S55_L001_R",0.239953065415078,0.859929598122617,0.617140901535152,0.651119585411167,0.000244450963136795,0.588344578077638,0.445291874449985,1,0.000880023467292461,0.656595286985431,0.471154786349858,1.2021120563215,4.8890192627359e-05,0.534858707343307,0.449300870245429,0.700254229001662
"61F_S56_L001_R",0.466809839906287,0.872120265521281,1.21358844201484,1.25629636860601,0.000585708707536119,0.000341663412729403,0.832633736821554,1,0.00195236235845373,1.21602889496291,0.000585708707536119,1.22261811792269,0.000195236235845373,0.996876220226474,0.448555251854744,0.759127294025771
"62F_S57_L001_R",0.45136733618317,0,1.22410259413246,1.20905311237337,0,0.000527024653042103,0.849329507524741,1,1.22884581600984,0.0977923522867014,0.000585582947824559,1.21883234760204,1.16495871640218,0.994671195174797,0.00216665690695087,0.0189728875095157
"63F_S58_L001_R",0.479929913985346,0.496495699267283,1.22124880535202,1.23786768609961,0.000318572793883402,0.00042476372517787,0.850270786874801,1,0.697833705001593,0.698099182329829,0.000371668259530636,1.25597323988531,0.592917064882659,1.03058298821281,0.243336519061272,0.439789741956037
"65F_S60_L001_R",0.485883807169345,0.519110012360939,0.698739184177998,1.34719406674907,0.668281829419036,0.617651421508035,0.930729295426452,1,0.668726823238566,0.705414091470952,0.498442521631644,1.34818294190358,0.662101359703337,0.955203955500618,0.255772558714462,0.774042027194067
"66F_S61_L001_R",0.458205636680488,0.000150231356288685,1.19061354485908,1.22354425815756,0,0.000150231356288685,0.74535785109068,1,1.18039781263145,0.0335316387236344,0.000360555255092843,1.14377140796827,1.08566191935581,0.943062315966589,0.00615948560783607,0.0147226729162911
"67F_S62_L001_R",0.480134406616941,0.000480023631932649,1.26216675282475,1.25891736208552,0,0.000886197474337198,0.842699948305147,1,1.31581862491692,0.0337493538143416,0.000369248947640499,1.32833616424193,1.21704453142309,1.0151022819585,0.00302784137065209,0.0156192304851931
"68F_S63_L001_R",0.474430978421519,0.000369494531480934,1.22310079810819,1.22428318060893,0.000665090156665681,0.000184747265740467,0.831879988176175,1,1.25306680461129,0.0389816730712385,0.000295595625184747,1.249002364765,1.26363434821165,0.963309193023943,0.00254951226721845,0.0172184451670115
"69F_S64_L001_R",0.538856052787941,0.525189980298339,0.000469087156393658,0.70935359789849,0.693498452012384,1.12346373956281,0.878256246677299,1,0.700628576789567,0.752071801607405,0.878506426494043,1.32104324983582,0.604465709728868,0.413734871939206,0.265690965381368,0.799261969540607
"6F_S5_L001_R",0.498099879286449,0.000402378504046139,0.670854383690258,1.36160414896946,0.70380471229937,0.612688335494255,0.833012920820852,1,1.21862565386507,0.0362587740868243,0.496177404211562,1.33209639200608,1.17436401841999,0.972682970447534,0.00527562927527161,0.400187776635222
"70F_S65_L001_R",0.256273435246611,0.468813094894722,0.638556388808768,0.642342082492068,3.60542255552351e-05,0.569548601096048,0.444296221517162,1,0.675836458032882,0.0219570233631382,0.442673781367176,1.25858090568215,0.597670897029132,0.527797807903086,0.240157196423421,0.367428612633401
"71F_S66_L001_R",0.448953250432866,0.86337163544782,1.17591688965843,1.18621123878483,0.00018888713993389,0.000566661419801668,0.791783409412876,1,0.000535180229812687,1.18806862899418,0.000692586179757595,1.20969620651661,3.14811899889816e-05,0.940374626160869,0.422760900362034,0.766629938611679
"72F_S67_L001_R",0.45200079633685,0.000477802110292654,1.22213816444356,1.21027274537129,0.000398168425243878,0.000119450527573163,0.872068484969142,1,1.30567390005973,0.0429623730838145,0.000477802110292654,1.23416285088592,1.19096157674696,1.00848098745769,0.00187139159864623,0.018793549671511
"73F_S68_L001_R",0.499227039561521,0.491427166045956,0.644930082214883,0.63850045674935,0.000421614784625114,0.575117700794041,0.817124587168857,1,0.671597217342422,0.673670156700162,0.445646827348746,1.23367999437847,0.612711685756447,0.533026491462301,0.239617735928607,0.416485138078842
"7F_S6_L001_R",0.514743197130108,0,0.68851168081197,0.696911365823782,0.000306238516055648,0.630020124245341,0.882448158194068,1,1.31796307638464,0.0436171143582116,0.486131770058623,1.33821856680374,1.24306588502931,0.558797795082684,0.00896841368448683,0.0112433283751859
"8F_S69_L001_R",0.487079885154535,0.510724539773687,1.35250802229353,1.30991386590103,0.000101334234082081,0.000743117716601925,0.909542307042729,1,0.662523222428644,0.732106063165006,0.000979564262793447,1.29096436412768,0.631683837189664,1.0225975342003,0.250498226650904,0.459719641952373
"9F_S70_L001_R",0.499550447597827,7.81830264649545e-05,0.651538251045698,0.684609671240374,0.000117274539697432,0.610296704585435,0.919862397873422,1,1.32144951331066,0.0364723818459013,0.484343848950393,1.29572729760369,1.20335405183535,0.572886126421954,0.00762284508033306,0.0112974473241859
